product,rating_mean,sentiment_mean,subjective_score_mean,word_count_mean,sent_count_mean,sent_length_mean,title_length_mean,review_ext_mean,#adj_mean,#adv_mean,#nouns_mean,elap_days_mean,FRE_mean
Battery,3.9,2.8607438016528928,0.7552886789095057,27.823553719008263,2.3466942148760332,12.732280045044082,1.328099173553719,-0.6999999999999997,0.11363456456554298,0.09570705175435683,0.19511053686367763,1735.0920110192837,10.795523081226927
Filter,4.066187788609543,2.986317769796477,0.780777310132082,24.380879083290576,2.2601334017444845,10.704878054040362,1.47460236018471,-0.6338122113904568,0.15412043136334977,0.07039395043279427,0.20126813348501554,1192.15529331281,9.031147764684949
Gaming Mouse,3.8000993295257017,2.754904395331512,0.8187801432348316,64.37496895952322,3.794139557983611,19.43193223763189,1.2994785199900671,-0.8999006704742987,0.10879550946156955,0.07422450309657651,0.2002669213325734,851.7735286814005,10.846104990036336
Hair Brush,4.4678270042194095,3.428270042194093,0.847813214517281,38.49762658227848,3.160601265822785,13.414339748970185,1.3378164556962024,-0.13217299578059044,0.11876392734962705,0.07986682455116173,0.18451848924400427,1538.1366033755273,7.639842996980878
Toilet Paper,3.7210584343991178,2.689636163175303,0.7682469353724637,24.54685777287762,2.319184123484013,12.115129570420931,1.4448732083792724,-0.778941565600882,0.1367006822274228,0.08146564381349397,0.19963892464125174,300.7894156560088,10.0402728962904
