Prod,Unhelpful Reviews,Helpful Reviews,Total Reviews,Helpful Review Ratio,Unhelpful Review Ratio
Video Games,1964,421,2385,17.651991614255767,82.34800838574424
Facial Spray,4937,1365,6302,21.659790542684863,78.34020945731514
Music,1351,394,1745,22.578796561604584,77.42120343839541
Perfume,7090,934,8024,11.640079760717846,88.35992023928215
Toilet Paper,1099,687,1786,38.465845464725646,61.534154535274354
Battery,6180,1011,7191,14.05924071756362,85.94075928243637
Filter,4491,693,5184,13.368055555555555,86.63194444444444
Gaming Mouse,3491,502,3993,12.572001001753069,87.42799899824693
