Main_category,Unhelpful Reviews,Helpful Reviews,Total Reviews,Helpful Review Ratio,Unhelpful Review Ratio
Video Games,1964,421,2385,17.651991614255767,82.34800838574424
Beauty,12027,2299,14326,16.047745358090186,83.95225464190982
Music,1351,394,1745,22.578796561604584,77.42120343839541
