,Main_category,Unhelpful Reviews,Helpful Reviews,Total Reviews,Helpful Review Ratio,Unhelpful Review Ratio
0,Video Games,1964,421,2385,17.651991614255767,82.34800838574424
1,Beauty,12027,2299,14326,16.047745358090186,83.95225464190982
2,Music,1351,394,1745,22.578796561604584,77.42120343839541
3,Household,1099,687,1786,38.465845464725646,61.534154535274354
4,Electronics,9671,1513,11184,13.528254649499285,86.47174535050071
5,Appliances,4491,693,5184,13.368055555555555,86.63194444444444
