Prod,Unhelpful Reviews,Helpful Reviews,Total Reviews,Helpful Review Ratio,Unhelpful Review Ratio
Toilet Paper,1099,687,1786,38.465845464725646,61.534154535274354
Battery,6180,1011,7191,14.05924071756362,85.94075928243637
Filter,4491,693,5184,13.368055555555555,86.63194444444444
Gaming Mouse,3491,502,3993,12.572001001753069,87.42799899824693
