,Main_category,Unhelpful Reviews,Helpful Reviews,Total Reviews,Helpful Review Ratio,Unhelpful Review Ratio
0,Household,1099,687,1786,38.465845464725646,61.534154535274354
1,Electronics,9671,1513,11184,13.528254649499285,86.47174535050071
2,Appliances,4491,693,5184,13.368055555555555,86.63194444444444
