Main_category,Unhelpful Reviews,Helpful Reviews,Total Reviews,Helpful Review Ratio,Unhelpful Review Ratio
Video Games,1988,451,2439,18.491184911849118,81.50881508815088
Beauty,12163,2355,14518,16.221242595398817,83.7787574046012
Grocery,2957,515,3472,14.832949308755762,85.16705069124424
Music,1370,412,1782,23.120089786756452,76.87991021324355
