Main_category,Not Helpful Votes,Helpful Votes,Total Reviews,Helpful Votes Percentage
Video Games,1988,451,2439,18.491184911849118
Beauty,12163,2355,14518,16.221242595398817
Grocery,2957,515,3472,14.832949308755762
Music,1370,412,1782,23.120089786756452
