Product,Unhelpful Reviews,Helpful Reviews,Total Reviews,Helpful Review Ratio,Unhelpful Review Ratio
Video Games,1988,451,2439,18.491184911849118,81.50881508815088
Facial Spray,4978,1391,6369,21.84016329094049,78.1598367090595
Chocolate,2957,515,3472,14.832949308755762,85.16705069124424
Music,1370,412,1782,23.120089786756452,76.87991021324355
Perfume,7185,964,8149,11.829672352435882,88.17032764756412
