Prod,Unhelpful Reviews,Helpful Reviews,Total Reviews,Helpful Review Ratio,Unhelpful Review Ratio
Video Games,1964,421,2385,17.651991614255767,82.34800838574424
Facial Spray,4937,1365,6302,21.659790542684863,78.34020945731514
Music,1351,394,1745,22.578796561604584,77.42120343839541
Perfume,7090,934,8024,11.640079760717846,88.35992023928215
