,Main_category,Not Helpful Votes,Helpful Votes,Total Reviews,Helpful Votes Percentage
0,Household,1113,701,1814,38.643880926130095
1,Electronics,9737,1543,11280,13.679078014184398
2,Appliances,4513,694,5207,13.328212022277702
3,Personal Care,3245,545,3790,14.379947229551451
