Product,Not Helpful Votes,Helpful Votes,Total Reviews,Helpful Votes Percentage
Toilet Paper,1113,701,1814,38.643880926130095
Battery,6234,1026,7260,14.132231404958679
Filter,4513,694,5207,13.328212022277702
Gaming Mouse,3503,517,4020,12.860696517412935
Hair Brush,3245,545,3790,14.379947229551451
