,Main_category,Unhelpful Reviews,Helpful Reviews,Total Reviews,Helpful Review Ratio,Unhelpful Review Ratio
0,Household,1113,701,1814,38.643880926130095,61.3561190738699
1,Electronics,9737,1543,11280,13.679078014184398,86.3209219858156
2,Appliances,4513,694,5207,13.328212022277702,86.67178797772229
3,Personal Care,3245,545,3790,14.379947229551451,85.62005277044855
