features,average_shap_value
SentC,0.9553522
Rating,0.5585542
WordC,0.49529672
ElapDays,0.388368
RatingC,0.33938533
Sentiment,0.13703378
SentL,0.105620824
NounR,0.09949042
FRE,0.08783004
AdvR,0.08424128
Subjective,0.06642263
AdjR,0.052076466
VerPur,0.04601448
Image,0.034709636
TitleL,0.0143221365
